title,release_date,category
Dune: Part Two,2024-03-01,Blockbuster
Civil War,2024-04-12,Mid-budget
Challengers,2024-04-26,Mid-budget
Inside Out 2,2024-06-14,Blockbuster
Deadpool & Wolverine,2024-07-26,Blockbuster
The Substance,2024-09-20,Indie
Anora,2024-10-18,Indie
A Real Pain,2024-11-01,Indie
Wicked,2024-11-22,Blockbuster
Moana 2,2024-11-27,Blockbuster
A Minecraft Movie,2025-04-04,Blockbuster
Sinners,2025-04-18,Mid-budget
Thunderbolts*,2025-05-02,Blockbuster
Materialists,2025-06-13,Indie
KPop Demon Hunters,2025-06-20,Streaming
F1,2025-06-27,Blockbuster
Sorry Baby,2025-06-27,Indie
Superman,2025-07-11,Blockbuster
Weapons,2025-08-08,Mid-budget
One Battle After Another,2025-09-26,Mid-budget
Wicked: For Good,2025-11-21,Blockbuster
Zootopia 2,2025-11-26,Blockbuster
Avatar: Fire and Ash,2025-12-19,Blockbuster
Marty Supreme,2025-12-25,Mid-budget
Project Hail Mary,2026-03-20,Blockbuster
The Super Mario Galaxy Movie,2026-04-01,Blockbuster
The Devil Wears Prada 2,2026-05-01,Blockbuster
Obsession,2026-05-15,Indie
Toy Story 5,2026-06-19,Blockbuster
The History of Concrete,2026-09-18,Indie
