rank,name,worldwide_box_office,movies,scraped
1,Zoe Saldaña,"$15,903,159,181",35,2026-10-03
2,Scarlett Johansson,"$15,579,129,923",39,2026-10-03
3,Chris Pratt,"$15,376,227,327",28,2026-10-03
4,Samuel L. Jackson,"$14,792,973,113",73,2026-10-03
5,"Robert Downey, Jr.","$14,494,676,533",45,2026-10-03
6,Tom Holland,"$14,399,952,350",18,2026-10-03
7,Tom Cruise,"$12,677,138,454",46,2026-10-03
8,Chris Hemsworth,"$12,437,227,005",32,2026-10-03
9,Tom Hanks,"$12,087,260,363",61,2026-10-03
10,Vin Diesel,"$12,070,449,592",29,2026-10-03
11,Dwayne Johnson,"$11,826,724,383",42,2026-10-03
12,Chris Evans,"$11,671,494,610",31,2026-10-03
13,Bradley Cooper,"$11,570,265,403",30,2026-10-03
14,Johnny Depp,"$10,362,601,443",55,2026-10-03
15,Mark Ruffalo,"$10,137,491,890",26,2026-10-03
16,Emma Watson,"$9,290,607,605",16,2026-10-03
17,Don Cheadle,"$9,184,619,051",25,2026-10-03
18,Matt Damon,"$9,078,442,524",49,2026-10-03
19,Will Smith,"$9,020,634,884",38,2026-10-03
20,Dave Bautista,"$9,014,641,917",34,2026-10-03
21,Jeremy Renner,"$8,957,338,620",20,2026-10-03
22,Josh Brolin,"$8,857,075,887",29,2026-10-03
23,Karen Gillan,"$8,629,321,567",19,2026-10-03
24,Harrison Ford,"$8,591,115,167",43,2026-10-03
25,Elizabeth Olsen,"$8,552,791,190",21,2026-10-03
26,Benedict Cumberbatch,"$8,523,406,759",24,2026-10-03
27,Daniel Radcliffe,"$8,426,572,107",27,2026-10-03
28,Steve Carell,"$8,353,513,597",32,2026-10-03
29,Jack Black,"$8,056,038,794",33,2026-10-03
30,Sam Worthington,"$8,029,326,032",26,2026-10-03
31,Idris Elba,"$7,984,759,116",38,2026-10-03
32,Hugh Jackman,"$7,905,181,304",38,2026-10-03
33,Chadwick Boseman,"$7,748,821,484",11,2026-10-03
34,Rupert Grint,"$7,716,174,588",15,2026-10-03
35,Letitia Wright,"$7,675,177,906",13,2026-10-03
36,Sebastian Stan,"$7,629,084,449",22,2026-10-03
37,Brad Pitt,"$7,617,630,522",51,2026-10-03
38,Leonardo DiCaprio,"$7,585,955,504",30,2026-10-03
39,Tom Hiddleston,"$7,139,485,191",17,2026-10-03
40,Danai Gurira,"$7,132,724,144",5,2026-10-03
41,Paul Bettany,"$6,979,007,702",16,2026-10-03
42,Benedict Wong,"$6,874,585,054",7,2026-10-03
43,Bruce Willis,"$6,815,534,107",88,2026-10-03
44,Liam Neeson,"$6,808,395,501",64,2026-10-03
45,Eddie Murphy,"$6,774,659,759",49,2026-10-03
46,Pom Klementieff,"$6,657,273,434",6,2026-10-03
47,Ryan Reynolds,"$6,608,917,014",44,2026-10-03
48,Jason Statham,"$6,486,154,037",47,2026-10-03
49,Anne Hathaway,"$6,465,040,027",43,2026-10-03
50,Ben Stiller,"$6,378,433,484",38,2026-10-03
51,Ian McKellen,"$6,308,704,152",22,2026-10-03
52,Gwyneth Paltrow,"$6,268,116,508",20,2026-10-03
53,Nicolas Cage,"$6,165,771,030",104,2026-10-03
54,Mark Wahlberg,"$6,139,792,880",51,2026-10-03
55,Jim Carrey,"$6,114,209,246",31,2026-10-03
56,Jennifer Lawrence,"$6,097,957,917",28,2026-10-03
57,Ewan McGregor,"$6,009,014,730",41,2026-10-03
58,Christian Bale,"$5,899,139,494",41,2026-10-03
59,Paul Rudd,"$5,883,568,066",36,2026-10-03
60,Cameron Diaz,"$5,859,970,769",33,2026-10-03
61,Keanu Reeves,"$5,733,020,952",55,2026-10-03
62,Natalie Portman,"$5,653,454,163",39,2026-10-03
63,Brie Larson,"$5,628,713,930",15,2026-10-03
64,Sandra Bullock,"$5,496,313,506",35,2026-10-03
65,Josh Gad,"$5,456,984,024",22,2026-10-03
66,Julia Roberts,"$5,451,009,161",41,2026-10-03
67,Ralph Fiennes,"$5,411,801,951",36,2026-10-03
68,Tim Allen,"$5,346,095,302",21,2026-10-03
69,Martin Freeman,"$5,334,505,121",20,2026-10-03
70,Adam Sandler,"$5,242,639,821",45,2026-10-03
71,Ben Affleck,"$5,211,689,175",47,2026-10-03
72,Robert De Niro,"$5,191,576,273",81,2026-10-03
73,Sylvester Stallone,"$5,148,248,385",54,2026-10-03
74,Meryl Streep,"$5,115,421,547",54,2026-10-03
75,Lupita Nyong’o,"$5,096,388,273",11,2026-10-03
76,Owen Wilson,"$5,063,134,162",40,2026-10-03
77,Morgan Freeman,"$5,055,214,362",51,2026-10-03
78,Adam Driver,"$4,983,632,143",25,2026-10-03
79,Robert Pattinson,"$4,943,201,731",28,2026-10-03
80,Michelle Rodriguez,"$4,930,167,118",18,2026-10-03
81,Anthony Mackie,"$4,908,944,149",28,2026-10-03
82,Denzel Washington,"$4,897,568,467",49,2026-10-03
83,George Clooney,"$4,888,264,056",39,2026-10-03
84,Daniel Craig,"$4,874,095,761",20,2026-10-03
85,Orlando Bloom,"$4,842,949,911",26,2026-10-03
86,Daisy Ridley,"$4,838,855,540",17,2026-10-03
87,Robin Williams,"$4,788,160,386",39,2026-10-03
88,John Boyega,"$4,774,823,242",15,2026-10-03
89,Will Ferrell,"$4,722,300,733",42,2026-10-03
90,Kevin Hart,"$4,717,352,580",37,2026-10-03
91,Mel Gibson,"$4,637,002,827",56,2026-10-03
92,Shen Teng,"$4,602,999,072",12,2026-10-03
93,Jason Momoa,"$4,580,606,541",19,2026-10-03
94,Seth Rogen,"$4,574,629,332",30,2026-10-03
95,Evangeline Lilly,"$4,510,375,825",8,2026-10-03
96,Simon Pegg,"$4,507,284,452",27,2026-10-03
97,Arnold Schwarzenegger,"$4,478,055,988",38,2026-10-03
98,Shia LaBeouf,"$4,474,384,500",32,2026-10-03
99,Jon Favreau,"$4,437,515,797",6,2026-10-03
100,Keegan-Michael Key,"$4,415,685,602",18,2026-10-03
101,Jude Law,"$4,401,693,438",39,2026-10-03
102,Mark Hamill,"$4,350,367,266",15,2026-10-03
103,Channing Tatum,"$4,327,266,663",40,2026-10-03
104,Keira Knightley,"$4,309,897,828",30,2026-10-03
105,Russell Crowe,"$4,293,447,433",50,2026-10-03
106,Anthony Hopkins,"$4,279,013,041",49,2026-10-03
107,Michael Douglas,"$4,241,144,685",38,2026-10-03
108,Jason Bateman,"$4,190,750,658",22,2026-10-03
109,Charlize Theron,"$4,156,238,408",38,2026-10-03
110,Mike Myers,"$4,133,420,099",16,2026-10-03
111,Geoffrey Rush,"$4,131,384,645",17,2026-10-03
112,Antonio Banderas,"$4,129,981,619",40,2026-10-03
113,Nicole Kidman,"$4,102,321,465",58,2026-10-03
114,Javier Bardem,"$4,094,711,356",28,2026-10-03
115,Ryan Gosling,"$4,090,746,605",26,2026-10-03
116,Paul Walker,"$4,078,642,028",16,2026-10-03
117,Margot Robbie,"$4,076,606,607",22,2026-10-03
118,Michelle Pfeiffer,"$4,067,511,014",40,2026-10-03
119,Colin Farrell,"$4,063,010,832",38,2026-10-03
120,Kristen Stewart,"$4,056,803,152",33,2026-10-03
121,Angelina Jolie,"$4,050,965,298",28,2026-10-03
122,Zendaya,"$4,032,442,600",11,2026-10-03
123,Emily Blunt,"$4,032,072,779",34,2026-10-03
124,Andy Serkis,"$4,012,571,456",12,2026-10-03
125,John Travolta,"$4,005,591,875",59,2026-10-03
126,Chiwetel Ejiofor,"$3,965,804,731",21,2026-10-03
127,Andy Samberg,"$3,845,054,547",15,2026-10-03
128,Woody Harrelson,"$3,820,536,922",49,2026-10-03
129,Cate Blanchett,"$3,808,519,875",34,2026-10-03
130,Bill Murray,"$3,760,328,697",39,2026-10-03
131,Chris Pine,"$3,747,513,558",27,2026-10-03
132,Viggo Mortensen,"$3,716,750,592",29,2026-10-03
133,Pierce Brosnan,"$3,704,268,144",43,2026-10-03
134,Kristen Bell,"$3,700,669,056",22,2026-10-03
135,Taylor Lautner,"$3,686,237,670",10,2026-10-03
136,Chris Rock,"$3,621,402,359",23,2026-10-03
137,Angela Bassett,"$3,583,907,133",16,2026-10-03
138,Jon Hamm,"$3,581,071,280",19,2026-10-03
139,John Leguizamo,"$3,574,051,547",24,2026-10-03
140,James McAvoy,"$3,545,653,028",25,2026-10-03
141,Ben Kingsley,"$3,537,476,392",32,2026-10-03
142,Rachel McAdams,"$3,535,071,380",24,2026-10-03
143,Matthew McConaughey,"$3,527,535,276",35,2026-10-03
144,Kate Winslet,"$3,517,828,745",31,2026-10-03
145,Tommy Lee Jones,"$3,515,400,028",30,2026-10-03
146,Colin Firth,"$3,487,851,968",37,2026-10-03
147,Henry Cavill,"$3,475,162,143",18,2026-10-03
148,Jackie Chan,"$3,449,456,622",50,2026-10-03
149,Oscar Isaac,"$3,421,906,030",27,2026-10-03
150,Willem Dafoe,"$3,342,245,595",51,2026-10-03
151,Kevin Costner,"$3,325,344,765",43,2026-10-03
152,Denis Leary,"$3,292,638,934",12,2026-10-03
153,Gerard Butler,"$3,292,500,521",36,2026-10-03
154,Donnie Yen,"$3,286,568,142",28,2026-10-03
155,John Goodman,"$3,282,677,055",24,2026-10-03
156,Ray Romano,"$3,279,991,080",10,2026-10-03
157,Beyoncé Knowles,"$3,256,716,096",10,2026-10-03
158,Alan Tudyk,"$3,250,789,658",11,2026-10-03
159,Jamie Foxx,"$3,249,909,222",34,2026-10-03
160,Tom Hardy,"$3,243,870,126",20,2026-10-03
161,Tobey Maguire,"$3,207,672,367",11,2026-10-03
162,Reese Witherspoon,"$3,184,405,235",37,2026-10-03
163,Ginnifer Goodwin,"$3,160,341,505",5,2026-10-03
164,Carrie Fisher,"$3,129,932,683",8,2026-10-03
165,Tyrese Gibson,"$3,125,145,538",23,2026-10-03
166,Kevin James,"$3,084,642,010",19,2026-10-03
167,Kristen Wiig,"$3,065,071,774",21,2026-10-03
168,Mads Mikkelsen,"$3,056,866,375",22,2026-10-03
169,Patrick Wilson,"$3,052,104,757",23,2026-10-03
170,Emma Thompson,"$3,040,268,543",23,2026-10-03
171,Bryce Dallas Howard,"$3,034,035,209",11,2026-10-03
172,Michael Fassbender,"$3,006,753,065",28,2026-10-03
173,Michael Keaton,"$2,951,216,833",22,2026-10-03
174,Ben Mendelsohn,"$2,950,747,679",15,2026-10-03
175,Gal Gadot,"$2,939,575,156",12,2026-10-03
176,Aaron Taylor-Johnson,"$2,919,600,383",16,2026-10-03
177,Dustin Hoffman,"$2,905,350,413",34,2026-10-03
178,Terry Notary,"$2,899,988,736",2,2026-10-03
179,Amy Poehler,"$2,896,903,119",11,2026-10-03
180,Jake Gyllenhaal,"$2,890,258,334",36,2026-10-03
181,Jada Pinkett Smith,"$2,878,593,574",11,2026-10-03
182,John Cena,"$2,878,512,077",28,2026-10-03
183,Sacha Baron Cohen,"$2,873,828,145",13,2026-10-03
184,Ezra Miller,"$2,857,217,785",11,2026-10-03
185,Jordana Brewster,"$2,847,766,578",12,2026-10-03
186,Chris ‘Ludacris’ Bridges,"$2,831,051,229",8,2026-10-03
187,Amy Adams,"$2,818,331,076",23,2026-10-03
188,Amanda Seyfried,"$2,815,379,439",30,2026-10-03
189,Michael B. Jordan,"$2,788,712,563",21,2026-10-03
190,Tony Hale,"$2,783,909,902",6,2026-10-03
191,Richard Gere,"$2,782,246,004",48,2026-10-03
192,Queen Latifah,"$2,741,989,448",18,2026-10-03
193,Patrick Stewart,"$2,728,728,255",19,2026-10-03
194,Idina Menzel,"$2,720,906,734",3,2026-10-03
195,Michael Caine,"$2,685,062,135",37,2026-10-03
196,Emma Stone,"$2,673,843,089",20,2026-10-03
197,Lewis Black,"$2,642,050,164",5,2026-10-03
198,Michael Peña,"$2,630,537,293",22,2026-10-03
199,Robert Redford,"$2,626,206,559",33,2026-10-03
200,Jesse Eisenberg,"$2,595,412,199",26,2026-10-03
201,Rebecca Ferguson,"$2,593,678,478",11,2026-10-03
202,Tilda Swinton,"$2,590,301,445",27,2026-10-03
203,Elijah Wood,"$2,580,122,590",24,2026-10-03
204,Wang Baoqiang,"$2,565,906,961",10,2026-10-03
205,Dennis Quaid,"$2,564,068,464",59,2026-10-03
206,Kurt Russell,"$2,562,689,340",39,2026-10-03
207,Zach Galifianakis,"$2,561,468,000",15,2026-10-03
208,Eddie Redmayne,"$2,558,243,286",12,2026-10-03
209,Phyllis Smith,"$2,557,616,042",2,2026-10-03
210,Danny DeVito,"$2,529,106,042",30,2026-10-03
211,Kevin Kline,"$2,521,625,571",23,2026-10-03
212,Florence Kasumba,"$2,520,663,239",2,2026-10-03
213,Helena Bonham Carter,"$2,507,893,111",35,2026-10-03
214,Al Pacino,"$2,506,834,515",49,2026-10-03
215,Salma Hayek,"$2,498,374,226",29,2026-10-03
216,Laurence Fishburne,"$2,491,785,955",27,2026-10-03
217,Hailee Steinfeld,"$2,490,853,430",16,2026-10-03
218,Kate McKinnon,"$2,485,429,561",9,2026-10-03
219,Rami Malek,"$2,483,499,305",12,2026-10-03
220,Wu Jing,"$2,478,098,316",8,2026-10-03
221,Jennifer Aniston,"$2,473,763,281",32,2026-10-03
222,Alec Baldwin,"$2,457,274,009",33,2026-10-03
223,Clint Eastwood,"$2,451,779,247",48,2026-10-03
224,Penélope Cruz,"$2,434,266,368",27,2026-10-03
225,Lea Seydoux,"$2,429,337,793",23,2026-10-03
226,Charlie Day,"$2,406,995,439",11,2026-10-03
227,Jonah Hill,"$2,400,779,651",22,2026-10-03
228,Billy Eichner,"$2,398,918,800",4,2026-10-03
229,Jack Nicholson,"$2,398,809,874",30,2026-10-03
230,Zac Efron,"$2,396,625,357",29,2026-10-03
231,Hugh Grant,"$2,395,106,905",20,2026-10-03
232,Anthony Daniels,"$2,392,532,885",3,2026-10-03
233,John Kani,"$2,384,086,159",3,2026-10-03
234,Alan Rickman,"$2,377,476,700",9,2026-10-03
235,Glen Powell,"$2,373,664,905",18,2026-10-03
236,Jeff Bridges,"$2,343,175,324",30,2026-10-03
237,Benicio del Toro,"$2,328,449,573",19,2026-10-03
238,Rowan Atkinson,"$2,317,259,230",9,2026-10-03
239,Liu Haoran,"$2,313,677,502",7,2026-10-03
240,Martin Lawrence,"$2,312,536,311",19,2026-10-03
241,Steve Martin,"$2,290,544,388",36,2026-10-03
242,Stanley Tucci,"$2,289,063,978",17,2026-10-03
243,Stellan Skarsgård,"$2,275,008,099",22,2026-10-03
244,Timothée Chalamet,"$2,262,644,660",19,2026-10-03
245,David Spade,"$2,255,393,722",16,2026-10-03
246,Karl Urban,"$2,254,519,115",13,2026-10-03
247,John Cusack,"$2,249,638,464",60,2026-10-03
248,Julie Walters,"$2,225,806,288",12,2026-10-03
249,Dan Stevens,"$2,218,173,117",17,2026-10-03
250,Annette Bening,"$2,216,949,870",27,2026-10-03
251,Joaquin Phoenix,"$2,215,397,864",20,2026-10-03
252,Andy Lau,"$2,215,368,303",24,2026-10-03
253,Jet Li,"$2,203,504,187",16,2026-10-03
254,Taron Egerton,"$2,179,787,461",16,2026-10-03
255,Catherine Zeta-Jones,"$2,164,825,979",21,2026-10-03
256,Kenneth Branagh,"$2,164,675,290",17,2026-10-03
257,John C. Reilly,"$2,159,682,852",22,2026-10-03
258,Billy Crystal,"$2,150,370,182",16,2026-10-03
259,America Ferrera,"$2,145,987,774",8,2026-10-03
260,Rachel Weisz,"$2,145,557,274",26,2026-10-03
261,Danny Trejo,"$2,130,448,487",38,2026-10-03
262,Demi Moore,"$2,117,562,710",29,2026-10-03
263,Bill Hader,"$2,116,427,886",12,2026-10-03
264,Justin Long,"$2,109,658,295",30,2026-10-03
265,Eva Green,"$2,105,456,628",20,2026-10-03
266,Matthew Broderick,"$2,105,305,881",19,2026-10-03
267,Awkwafina,"$2,099,463,192",19,2026-10-03
268,Melissa McCarthy,"$2,084,604,298",21,2026-10-03
269,Holly Hunter,"$2,078,581,221",11,2026-10-03
270,Eric Andre,"$2,066,237,797",7,2026-10-03
271,Forest Whitaker,"$2,063,386,536",30,2026-10-03
272,Donald Glover,"$2,058,734,578",5,2026-10-03
273,Viola Davis,"$2,050,741,473",18,2026-10-03
274,Michelle Williams,"$2,047,582,080",22,2026-10-03
275,Dolph Lundgren,"$2,044,374,351",31,2026-10-03
276,Jay Baruchel,"$2,031,869,127",19,2026-10-03
277,Christopher Walken,"$2,030,605,341",27,2026-10-03
278,Michael J. Fox,"$2,017,863,028",21,2026-10-03
279,Renée Zellweger,"$2,013,989,813",25,2026-10-03
280,Patrick Warburton,"$2,012,008,163",6,2026-10-03
281,Lü Yanting,"$2,003,786,333",1,2026-10-03
282,Jennifer Lopez,"$1,992,496,114",32,2026-10-03
283,Brendan Fraser,"$1,984,485,193",23,2026-10-03
284,Luke Evans,"$1,976,599,360",19,2026-10-03
285,Ellen DeGeneres,"$1,973,906,048",4,2026-10-03
286,Tessa Thompson,"$1,970,686,305",14,2026-10-03
287,Riz Ahmed,"$1,969,161,194",17,2026-10-03
288,Nathalie Emmanuel,"$1,967,459,503",6,2026-10-03
289,Pedro Pascal,"$1,959,713,895",14,2026-10-03
290,Nick Jonas,"$1,959,182,786",13,2026-10-03
291,Ke Huy Quan,"$1,958,396,918",5,2026-10-03
292,Zhang Yi,"$1,957,370,730",8,2026-10-03
293,Dan Fogler,"$1,939,441,010",9,2026-10-03
294,Florence Pugh,"$1,933,168,932",13,2026-10-03
295,Will Arnett,"$1,919,832,288",13,2026-10-03
296,Miles Teller,"$1,915,469,405",21,2026-10-03
297,Megan Fox,"$1,908,202,400",18,2026-10-03
298,David Schwimmer,"$1,907,971,260",5,2026-10-03
299,Hayden Christensen,"$1,906,801,772",13,2026-10-03
300,Simu Liu,"$1,903,998,080",7,2026-10-03
301,Lewis James Pullman,"$1,900,697,293",11,2026-10-03
302,Craig T. Nelson,"$1,896,240,274",4,2026-10-03
303,Daniel Kaluuya,"$1,891,132,906",6,2026-10-03
304,Andy Garcia,"$1,890,558,696",32,2026-10-03
305,Albert Brooks,"$1,887,215,099",8,2026-10-03
306,Huang Bo,"$1,881,106,381",15,2026-10-03
307,Alison Sudol,"$1,878,944,320",3,2026-10-03
308,Joseph Gordon-Levitt,"$1,874,454,715",27,2026-10-03
309,Sarah Vowell,"$1,874,246,451",2,2026-10-03
310,Halle Berry,"$1,874,146,133",26,2026-10-03
311,T.J. Miller,"$1,873,714,731",7,2026-10-03
312,Fortune Feimster,"$1,870,309,291",3,2026-10-03
313,Leah Latham,"$1,870,309,291",1,2026-10-03
314,Maurice LaMarche,"$1,870,309,291",1,2026-10-03
315,Nate Torrence,"$1,870,309,291",1,2026-10-03
316,Quinta Brunson,"$1,870,309,291",2,2026-10-03
317,Raymond Persi,"$1,870,309,291",1,2026-10-03
318,Shakira,"$1,870,309,291",1,2026-10-03
319,Bill Nighy,"$1,867,450,588",20,2026-10-03
320,Danny Ramirez,"$1,867,327,812",4,2026-10-03
321,Michael Cera,"$1,861,941,444",16,2026-10-03
322,Liza Lapira,"$1,858,710,245",3,2026-10-03
323,Chris Sanders,"$1,856,895,948",4,2026-10-03
324,Auli'i Cravalho,"$1,848,181,434",6,2026-10-03
325,Drew Barrymore,"$1,847,026,176",31,2026-10-03
326,James Earl Jones,"$1,846,516,808",6,2026-10-03
327,Susan Sarandon,"$1,846,324,332",55,2026-10-03
328,Steve Buscemi,"$1,845,679,837",24,2026-10-03
329,Bill Skarsgård,"$1,845,097,403",16,2026-10-03
330,Jeff Goldblum,"$1,840,579,355",18,2026-10-03
331,Andrew Garfield,"$1,839,866,094",17,2026-10-03
332,Maggie Smith,"$1,838,196,383",21,2026-10-03
333,Seann William Scott,"$1,835,039,583",20,2026-10-03
334,Jessica Alba,"$1,827,019,744",21,2026-10-03
335,Ed Helms,"$1,826,196,122",21,2026-10-03
336,Dakota Johnson,"$1,823,889,041",23,2026-10-03
337,Ian McShane,"$1,819,770,468",7,2026-10-03
338,Anya Taylor-Joy,"$1,815,887,841",14,2026-10-03
339,Selena Gomez,"$1,815,016,802",14,2026-10-03
340,Kate Beckinsale,"$1,814,689,234",30,2026-10-03
341,James Spader,"$1,804,189,990",11,2026-10-03
342,Sam Rockwell,"$1,794,257,421",35,2026-10-03
343,Vince Vaughn,"$1,789,130,342",27,2026-10-03
344,Isla Fisher,"$1,788,092,824",22,2026-10-03
345,Sean Connery,"$1,785,669,565",18,2026-10-03
346,John Oliver,"$1,785,114,210",2,2026-10-03
347,Ariana Greenblatt,"$1,782,455,107",6,2026-10-03
348,Milla Jovovich,"$1,781,392,246",25,2026-10-03
349,Christoph Waltz,"$1,777,053,339",15,2026-10-03
350,Glenn Close,"$1,776,071,473",30,2026-10-03
351,Jodie Foster,"$1,768,902,884",28,2026-10-03
352,Elizabeth Banks,"$1,760,795,814",25,2026-10-03
353,Maya Hawke,"$1,753,532,793",7,2026-10-03
354,Julianne Moore,"$1,752,664,402",49,2026-10-03
355,Katherine Waterston,"$1,751,553,953",11,2026-10-03
356,Anna Faris,"$1,747,254,058",18,2026-10-03
357,Ben Whishaw,"$1,745,433,209",16,2026-10-03
358,Paul Walter Hauser,"$1,743,948,501",8,2026-10-03
359,Alfre Woodard,"$1,742,095,493",11,2026-10-03
360,Anna Kendrick,"$1,737,699,849",30,2026-10-03
361,Cedric the Entertainer,"$1,728,330,015",17,2026-10-03
362,Adele Exarchopoulos,"$1,726,135,831",7,2026-10-03
363,Ayo Edebiri,"$1,725,848,424",5,2026-10-03
364,Catherine O'Hara,"$1,724,835,705",8,2026-10-03
365,Tom McGrath,"$1,713,544,576",3,2026-10-03
366,James Franco,"$1,711,761,068",44,2026-10-03
367,Alexandra Shipp,"$1,708,289,906",9,2026-10-03
368,James Marsden,"$1,699,109,730",23,2026-10-03
369,Guy Pearce,"$1,688,998,194",39,2026-10-03
370,Lei Jiayin,"$1,683,968,375",8,2026-10-03
371,Nicola Coughlan,"$1,676,403,105",3,2026-10-03
372,Mindy Kaling,"$1,676,109,655",4,2026-10-03
373,Elizabeth Debicki,"$1,668,783,732",8,2026-10-03
374,Josh Hutcherson,"$1,666,116,124",18,2026-10-03
375,JD McCrary,"$1,661,454,403",1,2026-10-03
376,Shahadi Wright Joseph,"$1,661,454,403",1,2026-10-03
377,Jai Courtney,"$1,660,782,737",10,2026-10-03
378,Kelly Marie Tran,"$1,656,027,982",7,2026-10-03
379,Joe Pesci,"$1,655,198,450",9,2026-10-03
380,Djimon Hounsou,"$1,651,190,483",17,2026-10-03
381,Regina Hall,"$1,640,324,658",24,2026-10-03
382,Gemma Chan,"$1,635,955,912",5,2026-10-03
383,Meg Ryan,"$1,630,112,448",27,2026-10-03
384,Kingsley Ben-Adir,"$1,624,445,835",3,2026-10-03
385,Jay Ellis,"$1,608,377,041",5,2026-10-03
386,Dylan O’Brien,"$1,597,882,136",16,2026-10-03
387,Sigourney Weaver,"$1,595,545,466",41,2026-10-03
388,Emma Mackey,"$1,595,191,574",8,2026-10-03
389,Mahershala Ali,"$1,594,625,788",8,2026-10-03
390,Hannah John-Kamen,"$1,589,546,159",8,2026-10-03
391,Helen Mirren,"$1,581,291,879",31,2026-10-03
392,Jamie Lee Curtis,"$1,580,365,716",23,2026-10-03
393,Ron Perlman,"$1,579,758,064",31,2026-10-03
394,Vera Farmiga,"$1,578,372,497",19,2026-10-03
395,Chow Yun-Fat,"$1,577,850,744",14,2026-10-03
396,Edward Norton,"$1,573,705,748",20,2026-10-03
397,Tom Wilkinson,"$1,567,656,084",14,2026-10-03
398,Jared Leto,"$1,564,848,329",11,2026-10-03
399,Georgie Henley,"$1,556,074,680",5,2026-10-03
400,Skandar Keynes,"$1,556,067,810",3,2026-10-03
401,Chao Deng,"$1,556,035,438",13,2026-10-03
402,Jackson Yee,"$1,555,306,942",6,2026-10-03
403,Jamie Dornan,"$1,554,936,481",15,2026-10-03
404,Paul Newman,"$1,549,488,753",32,2026-10-03
405,Scott Eastwood,"$1,547,424,698",14,2026-10-03
406,James Corden,"$1,547,189,212",11,2026-10-03
407,Dua Lipa,"$1,544,494,932",2,2026-10-03
408,Eiza González,"$1,542,713,406",15,2026-10-03
409,Chloë Grace Moretz,"$1,539,387,251",29,2026-10-03
410,Jason Sudeikis,"$1,537,380,555",21,2026-10-03
411,Naomie Harris,"$1,537,295,920",12,2026-10-03
412,Robbie Coltrane,"$1,532,789,451",5,2026-10-03
413,Issa Rae,"$1,522,031,427",7,2026-10-03
414,Zoë Kravitz,"$1,513,894,072",15,2026-10-03
415,Domhnall Gleeson,"$1,510,122,828",8,2026-10-03
416,Keri Russell,"$1,505,661,766",9,2026-10-03
417,Michelle Monaghan,"$1,504,597,564",21,2026-10-03
418,Heath Ledger,"$1,501,027,324",8,2026-10-03
419,Jamie Demetriou,"$1,499,666,754",2,2026-10-03
420,Ncuti Gatwa,"$1,499,666,754",2,2026-10-03
421,Seth MacFarlane,"$1,491,073,509",5,2026-10-03
422,Marisa Tomei,"$1,489,101,458",22,2026-10-03
423,Ana de Armas,"$1,485,347,293",17,2026-10-03
424,Ben Schwartz,"$1,482,869,770",11,2026-10-03
425,Monica Barbaro,"$1,477,288,384",5,2026-10-03
426,Judi Dench,"$1,465,405,049",21,2026-10-03
427,Felicity Jones,"$1,464,546,373",16,2026-10-03
428,Joonas Suotamo,"$1,463,103,161",2,2026-10-03
429,Michael Shannon,"$1,462,418,421",30,2026-10-03
430,Jeremy Irons,"$1,460,867,554",19,2026-10-03
431,Scott Evans,"$1,459,285,476",2,2026-10-03
432,Danny Glover,"$1,457,784,298",24,2026-10-03
433,Peter Dinklage,"$1,457,114,771",20,2026-10-03
434,Kevin Spacey,"$1,455,167,744",25,2026-10-03
435,Ashton Kutcher,"$1,453,483,072",15,2026-10-03
436,Jesse McCartney,"$1,452,198,282",7,2026-10-03
437,Greg Tarzan Davis,"$1,452,163,362",1,2026-10-03
438,Hari Nef,"$1,450,538,235",3,2026-10-03
439,Gugu Mbatha-Raw,"$1,450,516,393",12,2026-10-03
440,Ritu Arya,"$1,450,360,030",2,2026-10-03
441,Cynthia Erivo,"$1,450,021,117",12,2026-10-03
442,Connor Swindells,"$1,449,309,917",4,2026-10-03
443,Ana Kayne,"$1,447,685,476",1,2026-10-03
444,Emerald Fennell,"$1,447,685,476",1,2026-10-03
445,Sharon Rooney,"$1,447,685,476",1,2026-10-03
446,Louis Koo,"$1,443,148,180",27,2026-10-03
447,Brian Tyree Henry,"$1,438,852,196",9,2026-10-03
448,John Malkovich,"$1,435,803,007",38,2026-10-03
449,Wesley Snipes,"$1,435,619,419",33,2026-10-03
450,Dominic Cooper,"$1,433,599,004",8,2026-10-03
451,Ma Li,"$1,430,163,428",7,2026-10-03
452,Diego Luna,"$1,426,094,290",11,2026-10-03
453,Anthony Ramos,"$1,416,518,560",12,2026-10-03
454,Hannibal Buress,"$1,411,269,420",5,2026-10-03
455,Ray Winstone,"$1,408,453,307",9,2026-10-03
456,Rebel Wilson,"$1,406,387,308",15,2026-10-03
457,Maya Rudolph,"$1,405,282,774",18,2026-10-03
458,Lake Bell,"$1,404,990,581",11,2026-10-03
459,Matthew Gray Gubler,"$1,404,715,280",7,2026-10-03
460,Giancarlo Esposito,"$1,403,373,943",9,2026-10-03
461,Nick Nolte,"$1,401,068,606",29,2026-10-03
462,Mickey Rourke,"$1,396,332,053",34,2026-10-03
463,Naomi Scott,"$1,395,917,071",6,2026-10-03
464,Zhang Hanyu,"$1,389,620,175",10,2026-10-03
465,John Cho,"$1,377,459,730",11,2026-10-03
466,Wanda Sykes,"$1,374,499,772",7,2026-10-03
467,Bette Midler,"$1,358,624,972",27,2026-10-03
468,Jenny Slate,"$1,357,726,983",13,2026-10-03
469,Cillian Murphy,"$1,356,908,718",18,2026-10-03
470,Ice Cube,"$1,354,137,200",27,2026-10-03
471,Byung-hun Lee,"$1,351,954,713",15,2026-10-03
472,Mila Kunis,"$1,346,792,869",17,2026-10-03
473,Andy Richter,"$1,346,602,045",2,2026-10-03
474,Jia Ling,"$1,344,611,952",3,2026-10-03
475,Eric Stonestreet,"$1,344,419,758",3,2026-10-03
476,Jonathan Groff,"$1,338,207,324",9,2026-10-03
477,Frances McDormand,"$1,337,606,563",12,2026-10-03
478,Gwendoline Christie,"$1,335,816,145",5,2026-10-03
479,Mizuo Peck,"$1,335,434,091",3,2026-10-03
480,Patrick Gallagher,"$1,335,434,091",3,2026-10-03
481,Diane Keaton,"$1,334,300,321",41,2026-10-03
482,Elle Fanning,"$1,330,010,468",29,2026-10-03
483,Keke Palmer,"$1,326,071,693",14,2026-10-03
484,Joel Kinnaman,"$1,321,946,193",16,2026-10-03
485,Richard Dreyfuss,"$1,321,559,437",17,2026-10-03
486,Michelle Yeoh,"$1,309,377,225",15,2026-10-03
487,Ariana Grande,"$1,299,976,160",4,2026-10-03
488,Vanessa Kirby,"$1,297,109,932",15,2026-10-03
489,Yahya Abdul-Mateen II,"$1,297,014,675",6,2026-10-03
490,Dave Franco,"$1,295,731,912",13,2026-10-03
491,Dan Aykroyd,"$1,280,993,356",18,2026-10-03
492,Bobby Moynihan,"$1,275,699,110",4,2026-10-03
493,Jordan Peele,"$1,275,606,346",5,2026-10-03
494,Jack Reynor,"$1,274,507,372",11,2026-10-03
495,Nathan Lane,"$1,274,460,678",7,2026-10-03
496,Patton Oswalt,"$1,269,289,293",10,2026-10-03
497,Santino Fontana,"$1,269,253,418",3,2026-10-03
498,Alan Ritchson,"$1,261,820,463",14,2026-10-03
499,Justin Timberlake,"$1,259,865,530",12,2026-10-03
500,Audra McDonald,"$1,259,762,094",2,2026-10-03
