name,tier,note
Zoe Saldaña,B,"The Numbers rank 1 ($15,902,466,916 worldwide, 35 films as lead; scraped 2026-10-02)"
Scarlett Johansson,A,"The Numbers rank 2 ($15,578,437,658 worldwide, 39 films as lead; scraped 2026-10-02)"
Chris Pratt,A,"The Numbers rank 3 ($15,375,535,062 worldwide, 28 films as lead; scraped 2026-10-02)"
Samuel L. Jackson,A,"The Numbers rank 4 ($14,792,280,848 worldwide, 73 films as lead; scraped 2026-10-02)"
"Robert Downey, Jr.",A,"The Numbers rank 5 ($14,493,984,268 worldwide, 45 films as lead; scraped 2026-10-02)"
Tom Holland,A,"The Numbers rank 6 ($14,397,625,549 worldwide, 18 films as lead; scraped 2026-10-02)"
Tom Cruise,A,"The Numbers rank 7 ($12,675,938,454 worldwide, 46 films as lead; scraped 2026-10-02)"
Chris Hemsworth,A,"The Numbers rank 8 ($12,436,534,740 worldwide, 32 films as lead; scraped 2026-10-02)"
Tom Hanks,A,"The Numbers rank 9 ($12,087,257,082 worldwide, 61 films as lead; scraped 2026-10-02)"
Vin Diesel,B,"The Numbers rank 10 ($12,070,449,592 worldwide, 29 films as lead; scraped 2026-10-02)"
Dwayne Johnson,A,"The Numbers rank 11 ($11,826,724,383 worldwide, 42 films as lead; scraped 2026-10-02)"
Chris Evans,A,"The Numbers rank 12 ($11,670,802,345 worldwide, 31 films as lead; scraped 2026-10-02)"
Bradley Cooper,A,"The Numbers rank 13 ($11,569,573,138 worldwide, 30 films as lead; scraped 2026-10-02)"
Johnny Depp,A,"The Numbers rank 14 ($10,362,601,443 worldwide, 55 films as lead; scraped 2026-10-02)"
Mark Ruffalo,A,"The Numbers rank 15 ($10,136,799,625 worldwide, 26 films as lead; scraped 2026-10-02)"
Emma Watson,B,"The Numbers rank 16 ($9,290,607,605 worldwide, 16 films as lead; scraped 2026-10-02)"
Don Cheadle,B,"The Numbers rank 17 ($9,183,926,786 worldwide, 25 films as lead; scraped 2026-10-02)"
Matt Damon,A,"The Numbers rank 18 ($9,077,063,251 worldwide, 49 films as lead; scraped 2026-10-02)"
Will Smith,A,"The Numbers rank 19 ($9,020,634,884 worldwide, 38 films as lead; scraped 2026-10-02)"
Dave Bautista,A,"The Numbers rank 20 ($9,013,949,652 worldwide, 34 films as lead; scraped 2026-10-02)"
Jeremy Renner,A,"The Numbers rank 21 ($8,956,646,355 worldwide, 20 films as lead; scraped 2026-10-02)"
Josh Brolin,A,"The Numbers rank 22 ($8,856,382,564 worldwide, 29 films as lead; scraped 2026-10-02)"
Karen Gillan,A,"The Numbers rank 23 ($8,628,629,302 worldwide, 19 films as lead; scraped 2026-10-02)"
Harrison Ford,A,"The Numbers rank 24 ($8,591,115,167 worldwide, 43 films as lead; scraped 2026-10-02)"
Elizabeth Olsen,A,"The Numbers rank 25 ($8,552,098,925 worldwide, 21 films as lead; scraped 2026-10-02)"
Benedict Cumberbatch,A,"The Numbers rank 26 ($8,522,714,494 worldwide, 24 films as lead; scraped 2026-10-02)"
Daniel Radcliffe,A,"The Numbers rank 27 ($8,426,572,107 worldwide, 27 films as lead; scraped 2026-10-02)"
Steve Carell,A,"The Numbers rank 28 ($8,353,513,597 worldwide, 32 films as lead; scraped 2026-10-02)"
Jack Black,A,"The Numbers rank 29 ($8,056,038,794 worldwide, 33 films as lead; scraped 2026-10-02)"
Sam Worthington,C,"The Numbers rank 30 ($8,029,326,032 worldwide, 26 films as lead; scraped 2026-10-02)"
Idris Elba,A,"The Numbers rank 31 ($7,984,759,116 worldwide, 38 films as lead; scraped 2026-10-02)"
Hugh Jackman,A,"The Numbers rank 32 ($7,905,181,304 worldwide, 38 films as lead; scraped 2026-10-02)"
Rupert Grint,C,"The Numbers rank 34 ($7,716,174,588 worldwide, 15 films as lead; scraped 2026-10-02)"
Letitia Wright,C,"The Numbers rank 35 ($7,674,485,641 worldwide, 13 films as lead; scraped 2026-10-02)"
Sebastian Stan,B,"The Numbers rank 36 ($7,628,392,184 worldwide, 22 films as lead; scraped 2026-10-02)"
Brad Pitt,A,"The Numbers rank 37 ($7,616,270,323 worldwide, 51 films as lead; scraped 2026-10-02)"
Leonardo DiCaprio,A,"The Numbers rank 38 ($7,585,955,504 worldwide, 30 films as lead; scraped 2026-10-02)"
Tom Hiddleston,A,"The Numbers rank 39 ($7,138,792,926 worldwide, 17 films as lead; scraped 2026-10-02)"
Danai Gurira,C,"The Numbers rank 40 ($7,132,031,879 worldwide, 5 films as lead; scraped 2026-10-02)"
Paul Bettany,B,"The Numbers rank 41 ($6,978,315,437 worldwide, 16 films as lead; scraped 2026-10-02)"
Benedict Wong,C,"The Numbers rank 42 ($6,873,892,789 worldwide, 7 films as lead; scraped 2026-10-02)"
Liam Neeson,A,"The Numbers rank 44 ($6,808,395,501 worldwide, 64 films as lead; scraped 2026-10-02)"
Eddie Murphy,A,"The Numbers rank 45 ($6,774,659,759 worldwide, 49 films as lead; scraped 2026-10-02)"
Pom Klementieff,C,"The Numbers rank 46 ($6,656,581,169 worldwide, 6 films as lead; scraped 2026-10-02)"
Ryan Reynolds,A,"The Numbers rank 47 ($6,608,917,014 worldwide, 44 films as lead; scraped 2026-10-02)"
Jason Statham,A,"The Numbers rank 48 ($6,486,135,542 worldwide, 47 films as lead; scraped 2026-10-02)"
Anne Hathaway,A,"The Numbers rank 49 ($6,458,857,631 worldwide, 43 films as lead; scraped 2026-10-02)"
Ben Stiller,A,"The Numbers rank 50 ($6,378,433,484 worldwide, 38 films as lead; scraped 2026-10-02)"
Ian McKellen,A,"The Numbers rank 51 ($6,308,704,152 worldwide, 22 films as lead; scraped 2026-10-02)"
Gwyneth Paltrow,A,"The Numbers rank 52 ($6,267,424,243 worldwide, 20 films as lead; scraped 2026-10-02)"
Nicolas Cage,A,"The Numbers rank 53 ($6,165,771,030 worldwide, 103 films as lead; scraped 2026-10-02)"
Mark Wahlberg,A,"The Numbers rank 54 ($6,139,775,314 worldwide, 51 films as lead; scraped 2026-10-02)"
Jim Carrey,A,"The Numbers rank 55 ($6,114,209,246 worldwide, 31 films as lead; scraped 2026-10-02)"
Jennifer Lawrence,A,"The Numbers rank 56 ($6,097,957,917 worldwide, 28 films as lead; scraped 2026-10-02)"
Ewan McGregor,A,"The Numbers rank 57 ($6,008,711,607 worldwide, 41 films as lead; scraped 2026-10-02)"
Christian Bale,A,"The Numbers rank 58 ($5,899,139,494 worldwide, 40 films as lead; scraped 2026-10-02)"
Paul Rudd,A,"The Numbers rank 59 ($5,882,875,801 worldwide, 36 films as lead; scraped 2026-10-02)"
Cameron Diaz,A,"The Numbers rank 60 ($5,859,970,769 worldwide, 33 films as lead; scraped 2026-10-02)"
Keanu Reeves,A,"The Numbers rank 61 ($5,733,020,952 worldwide, 55 films as lead; scraped 2026-10-02)"
Natalie Portman,A,"The Numbers rank 62 ($5,653,454,163 worldwide, 39 films as lead; scraped 2026-10-02)"
Brie Larson,A,"The Numbers rank 63 ($5,628,021,665 worldwide, 15 films as lead; scraped 2026-10-02)"
Sandra Bullock,A,"The Numbers rank 64 ($5,491,593,088 worldwide, 35 films as lead; scraped 2026-10-02)"
Josh Gad,B,"The Numbers rank 65 ($5,456,984,024 worldwide, 22 films as lead; scraped 2026-10-02)"
Julia Roberts,A,"The Numbers rank 66 ($5,451,009,161 worldwide, 41 films as lead; scraped 2026-10-02)"
Ralph Fiennes,B,"The Numbers rank 67 ($5,411,801,951 worldwide, 36 films as lead; scraped 2026-10-02)"
Tim Allen,B,"The Numbers rank 68 ($5,346,092,021 worldwide, 21 films as lead; scraped 2026-10-02)"
Martin Freeman,B,"The Numbers rank 69 ($5,334,505,121 worldwide, 20 films as lead; scraped 2026-10-02)"
Adam Sandler,A,"The Numbers rank 70 ($5,242,639,821 worldwide, 45 films as lead; scraped 2026-10-02)"
Ben Affleck,A,"The Numbers rank 71 ($5,211,689,175 worldwide, 47 films as lead; scraped 2026-10-02)"
Robert De Niro,A,"The Numbers rank 72 ($5,191,576,273 worldwide, 81 films as lead; scraped 2026-10-02)"
Sylvester Stallone,A,"The Numbers rank 73 ($5,148,248,385 worldwide, 54 films as lead; scraped 2026-10-02)"
Meryl Streep,A,"The Numbers rank 74 ($5,115,421,547 worldwide, 54 films as lead; scraped 2026-10-02)"
Lupita Nyong’o,B,"The Numbers rank 75 ($5,096,388,273 worldwide, 11 films as lead; scraped 2026-10-02)"
Owen Wilson,A,"The Numbers rank 76 ($5,063,046,390 worldwide, 40 films as lead; scraped 2026-10-02)"
Morgan Freeman,A,"The Numbers rank 77 ($5,055,214,362 worldwide, 51 films as lead; scraped 2026-10-02)"
Adam Driver,A,"The Numbers rank 78 ($4,983,632,143 worldwide, 25 films as lead; scraped 2026-10-02)"
Robert Pattinson,A,"The Numbers rank 79 ($4,936,033,041 worldwide, 28 films as lead; scraped 2026-10-02)"
Michelle Rodriguez,C,"The Numbers rank 80 ($4,930,167,118 worldwide, 18 films as lead; scraped 2026-10-02)"
Anthony Mackie,B,"The Numbers rank 81 ($4,908,251,884 worldwide, 28 films as lead; scraped 2026-10-02)"
Denzel Washington,A,"The Numbers rank 82 ($4,897,568,467 worldwide, 49 films as lead; scraped 2026-10-02)"
George Clooney,A,"The Numbers rank 83 ($4,888,264,056 worldwide, 39 films as lead; scraped 2026-10-02)"
Daniel Craig,A,"The Numbers rank 84 ($4,874,095,761 worldwide, 20 films as lead; scraped 2026-10-02)"
Orlando Bloom,A,"The Numbers rank 85 ($4,842,949,911 worldwide, 26 films as lead; scraped 2026-10-02)"
Daisy Ridley,A,"The Numbers rank 86 ($4,838,855,540 worldwide, 17 films as lead; scraped 2026-10-02)"
John Boyega,B,"The Numbers rank 88 ($4,774,823,242 worldwide, 15 films as lead; scraped 2026-10-02)"
Will Ferrell,A,"The Numbers rank 89 ($4,722,300,733 worldwide, 42 films as lead; scraped 2026-10-02)"
Kevin Hart,A,"The Numbers rank 90 ($4,717,352,580 worldwide, 37 films as lead; scraped 2026-10-02)"
Mel Gibson,A,"The Numbers rank 91 ($4,637,002,827 worldwide, 56 films as lead; scraped 2026-10-02)"
Shen Teng,C,"The Numbers rank 92 ($4,602,999,072 worldwide, 12 films as lead; scraped 2026-10-02)"
Jason Momoa,A,"The Numbers rank 93 ($4,580,606,541 worldwide, 19 films as lead; scraped 2026-10-02)"
Seth Rogen,A,"The Numbers rank 94 ($4,574,609,376 worldwide, 30 films as lead; scraped 2026-10-02)"
Evangeline Lilly,B,"The Numbers rank 95 ($4,509,683,560 worldwide, 8 films as lead; scraped 2026-10-02)"
Simon Pegg,A,"The Numbers rank 96 ($4,507,284,452 worldwide, 27 films as lead; scraped 2026-10-02)"
Arnold Schwarzenegger,A,"The Numbers rank 97 ($4,478,055,988 worldwide, 38 films as lead; scraped 2026-10-02)"
Shia LaBeouf,A,"The Numbers rank 98 ($4,474,384,500 worldwide, 32 films as lead; scraped 2026-10-02)"
Jon Favreau,B,"The Numbers rank 99 ($4,436,823,532 worldwide, 6 films as lead; scraped 2026-10-02)"
Keegan-Michael Key,B,"The Numbers rank 100 ($4,415,685,602 worldwide, 18 films as lead; scraped 2026-10-02)"
Jude Law,A,"The Numbers rank 101 ($4,401,693,438 worldwide, 39 films as lead; scraped 2026-10-02)"
Mark Hamill,B,"The Numbers rank 102 ($4,350,367,266 worldwide, 15 films as lead; scraped 2026-10-02)"
Channing Tatum,A,"The Numbers rank 103 ($4,327,266,663 worldwide, 40 films as lead; scraped 2026-10-02)"
Keira Knightley,B,"The Numbers rank 104 ($4,309,897,828 worldwide, 30 films as lead; scraped 2026-10-02)"
Russell Crowe,B,"The Numbers rank 105 ($4,293,265,509 worldwide, 50 films as lead; scraped 2026-10-02)"
Anthony Hopkins,B,"The Numbers rank 106 ($4,279,013,041 worldwide, 49 films as lead; scraped 2026-10-02)"
Michael Douglas,B,"The Numbers rank 107 ($4,241,144,685 worldwide, 38 films as lead; scraped 2026-10-02)"
Jason Bateman,A,"The Numbers rank 108 ($4,190,750,658 worldwide, 22 films as lead; scraped 2026-10-02)"
Charlize Theron,B,"The Numbers rank 109 ($4,156,238,408 worldwide, 38 films as lead; scraped 2026-10-02)"
Mike Myers,A,"The Numbers rank 110 ($4,133,420,099 worldwide, 16 films as lead; scraped 2026-10-02)"
Geoffrey Rush,B,"The Numbers rank 111 ($4,131,384,645 worldwide, 17 films as lead; scraped 2026-10-02)"
Antonio Banderas,A,"The Numbers rank 112 ($4,129,981,619 worldwide, 40 films as lead; scraped 2026-10-02)"
Nicole Kidman,B,"The Numbers rank 113 ($4,097,601,047 worldwide, 58 films as lead; scraped 2026-10-02)"
Javier Bardem,B,"The Numbers rank 114 ($4,094,711,356 worldwide, 28 films as lead; scraped 2026-10-02)"
Ryan Gosling,A,"The Numbers rank 115 ($4,090,746,605 worldwide, 26 films as lead; scraped 2026-10-02)"
Paul Walker,B,"The Numbers rank 116 ($4,078,642,028 worldwide, 16 films as lead; scraped 2026-10-02)"
Margot Robbie,A,"The Numbers rank 117 ($4,076,606,607 worldwide, 22 films as lead; scraped 2026-10-02)"
Michelle Pfeiffer,B,"The Numbers rank 118 ($4,067,511,014 worldwide, 40 films as lead; scraped 2026-10-02)"
Colin Farrell,A,"The Numbers rank 119 ($4,063,010,832 worldwide, 38 films as lead; scraped 2026-10-02)"
Kristen Stewart,B,"The Numbers rank 120 ($4,056,803,152 worldwide, 33 films as lead; scraped 2026-10-02)"
Angelina Jolie,B,"The Numbers rank 121 ($4,050,965,298 worldwide, 28 films as lead; scraped 2026-10-02)"
Zendaya,A,"The Numbers rank 122 ($4,032,442,600 worldwide, 11 films as lead; scraped 2026-10-02)"
Emily Blunt,B,"The Numbers rank 123 ($4,031,589,068 worldwide, 34 films as lead; scraped 2026-10-02)"
Andy Serkis,C,"The Numbers rank 124 ($4,012,571,456 worldwide, 12 films as lead; scraped 2026-10-02)"
John Travolta,B,"The Numbers rank 125 ($4,005,591,875 worldwide, 59 films as lead; scraped 2026-10-02)"
Chiwetel Ejiofor,B,"The Numbers rank 126 ($3,965,804,731 worldwide, 21 films as lead; scraped 2026-10-02)"
Andy Samberg,B,"The Numbers rank 127 ($3,845,054,547 worldwide, 15 films as lead; scraped 2026-10-02)"
Woody Harrelson,A,"The Numbers rank 128 ($3,820,536,922 worldwide, 49 films as lead; scraped 2026-10-02)"
Cate Blanchett,A,"The Numbers rank 129 ($3,808,519,875 worldwide, 34 films as lead; scraped 2026-10-02)"
Bill Murray,B,"The Numbers rank 130 ($3,760,328,697 worldwide, 39 films as lead; scraped 2026-10-02)"
Chris Pine,B,"The Numbers rank 131 ($3,747,513,558 worldwide, 27 films as lead; scraped 2026-10-02)"
Viggo Mortensen,B,"The Numbers rank 132 ($3,716,750,592 worldwide, 29 films as lead; scraped 2026-10-02)"
Pierce Brosnan,B,"The Numbers rank 133 ($3,704,268,144 worldwide, 43 films as lead; scraped 2026-10-02)"
Kristen Bell,B,"The Numbers rank 134 ($3,700,669,056 worldwide, 22 films as lead; scraped 2026-10-02)"
Taylor Lautner,C,"The Numbers rank 135 ($3,686,237,670 worldwide, 10 films as lead; scraped 2026-10-02)"
Chris Rock,B,"The Numbers rank 136 ($3,621,402,359 worldwide, 23 films as lead; scraped 2026-10-02)"
Angela Bassett,B,"The Numbers rank 137 ($3,583,907,133 worldwide, 16 films as lead; scraped 2026-10-02)"
Jon Hamm,B,"The Numbers rank 138 ($3,581,071,280 worldwide, 19 films as lead; scraped 2026-10-02)"
John Leguizamo,C,"The Numbers rank 139 ($3,574,051,547 worldwide, 24 films as lead; scraped 2026-10-02)"
James McAvoy,B,"The Numbers rank 140 ($3,545,653,028 worldwide, 25 films as lead; scraped 2026-10-02)"
Ben Kingsley,B,"The Numbers rank 141 ($3,537,476,392 worldwide, 32 films as lead; scraped 2026-10-02)"
Rachel McAdams,B,"The Numbers rank 142 ($3,535,071,380 worldwide, 24 films as lead; scraped 2026-10-02)"
Matthew McConaughey,A,"The Numbers rank 143 ($3,527,532,711 worldwide, 35 films as lead; scraped 2026-10-02)"
Kate Winslet,B,"The Numbers rank 144 ($3,517,828,745 worldwide, 31 films as lead; scraped 2026-10-02)"
Tommy Lee Jones,B,"The Numbers rank 145 ($3,515,400,028 worldwide, 30 films as lead; scraped 2026-10-02)"
Colin Firth,B,"The Numbers rank 146 ($3,487,851,968 worldwide, 37 films as lead; scraped 2026-10-02)"
Henry Cavill,B,"The Numbers rank 147 ($3,475,162,143 worldwide, 18 films as lead; scraped 2026-10-02)"
Jackie Chan,A,"The Numbers rank 148 ($3,449,456,622 worldwide, 50 films as lead; scraped 2026-10-02)"
Oscar Isaac,A,"The Numbers rank 149 ($3,421,906,030 worldwide, 27 films as lead; scraped 2026-10-02)"
Willem Dafoe,A,"The Numbers rank 150 ($3,342,240,526 worldwide, 51 films as lead; scraped 2026-10-02)"
Kevin Costner,B,"The Numbers rank 151 ($3,325,344,765 worldwide, 43 films as lead; scraped 2026-10-02)"
Denis Leary,C,"The Numbers rank 152 ($3,292,638,934 worldwide, 12 films as lead; scraped 2026-10-02)"
Gerard Butler,B,"The Numbers rank 153 ($3,292,500,521 worldwide, 36 films as lead; scraped 2026-10-02)"
Donnie Yen,B,"The Numbers rank 154 ($3,286,568,142 worldwide, 28 films as lead; scraped 2026-10-02)"
John Goodman,B,"The Numbers rank 155 ($3,282,677,055 worldwide, 24 films as lead; scraped 2026-10-02)"
Ray Romano,B,"The Numbers rank 156 ($3,279,991,080 worldwide, 10 films as lead; scraped 2026-10-02)"
Beyoncé Knowles,A,"The Numbers rank 157 ($3,256,716,096 worldwide, 10 films as lead; scraped 2026-10-02)"
Alan Tudyk,B,"The Numbers rank 158 ($3,250,789,658 worldwide, 11 films as lead; scraped 2026-10-02)"
Jamie Foxx,A,"The Numbers rank 159 ($3,249,909,222 worldwide, 34 films as lead; scraped 2026-10-02)"
Tom Hardy,B,"The Numbers rank 160 ($3,243,870,126 worldwide, 20 films as lead; scraped 2026-10-02)"
Tobey Maguire,B,"The Numbers rank 161 ($3,207,672,367 worldwide, 11 films as lead; scraped 2026-10-02)"
Reese Witherspoon,A,"The Numbers rank 162 ($3,184,405,235 worldwide, 37 films as lead; scraped 2026-10-02)"
Ginnifer Goodwin,C,"The Numbers rank 163 ($3,160,341,505 worldwide, 5 films as lead; scraped 2026-10-02)"
Tyrese Gibson,C,"The Numbers rank 165 ($3,125,145,538 worldwide, 23 films as lead; scraped 2026-10-02)"
Kevin James,B,"The Numbers rank 166 ($3,084,642,010 worldwide, 19 films as lead; scraped 2026-10-02)"
Kristen Wiig,B,"The Numbers rank 167 ($3,065,071,774 worldwide, 21 films as lead; scraped 2026-10-02)"
Mads Mikkelsen,B,"The Numbers rank 168 ($3,056,866,375 worldwide, 22 films as lead; scraped 2026-10-02)"
Patrick Wilson,B,"The Numbers rank 169 ($3,052,104,757 worldwide, 23 films as lead; scraped 2026-10-02)"
Emma Thompson,B,"The Numbers rank 170 ($3,040,268,543 worldwide, 23 films as lead; scraped 2026-10-02)"
Bryce Dallas Howard,B,"The Numbers rank 171 ($3,034,035,209 worldwide, 11 films as lead; scraped 2026-10-02)"
Michael Fassbender,B,"The Numbers rank 172 ($3,006,753,065 worldwide, 28 films as lead; scraped 2026-10-02)"
Michael Keaton,B,"The Numbers rank 173 ($2,951,216,468 worldwide, 22 films as lead; scraped 2026-10-02)"
Ben Mendelsohn,B,"The Numbers rank 174 ($2,950,747,679 worldwide, 15 films as lead; scraped 2026-10-02)"
Gal Gadot,C,"The Numbers rank 175 ($2,939,575,156 worldwide, 12 films as lead; scraped 2026-10-02)"
Aaron Taylor-Johnson,B,"The Numbers rank 176 ($2,919,600,383 worldwide, 16 films as lead; scraped 2026-10-02)"
Dustin Hoffman,B,"The Numbers rank 177 ($2,905,350,413 worldwide, 34 films as lead; scraped 2026-10-02)"
Terry Notary,B,"The Numbers rank 178 ($2,899,296,471 worldwide, 2 films as lead; scraped 2026-10-02)"
Amy Poehler,B,"The Numbers rank 179 ($2,896,903,119 worldwide, 11 films as lead; scraped 2026-10-02)"
Jake Gyllenhaal,A,"The Numbers rank 180 ($2,890,258,334 worldwide, 36 films as lead; scraped 2026-10-02)"
Jada Pinkett Smith,B,"The Numbers rank 181 ($2,878,593,574 worldwide, 11 films as lead; scraped 2026-10-02)"
John Cena,B,"The Numbers rank 182 ($2,878,512,077 worldwide, 28 films as lead; scraped 2026-10-02)"
Sacha Baron Cohen,B,"The Numbers rank 183 ($2,873,828,145 worldwide, 13 films as lead; scraped 2026-10-02)"
Ezra Miller,C,"The Numbers rank 184 ($2,857,217,785 worldwide, 11 films as lead; scraped 2026-10-02)"
Jordana Brewster,C,"The Numbers rank 185 ($2,847,766,578 worldwide, 12 films as lead; scraped 2026-10-02)"
Chris ‘Ludacris’ Bridges,B,"The Numbers rank 186 ($2,831,051,229 worldwide, 8 films as lead; scraped 2026-10-02)"
Amy Adams,B,"The Numbers rank 187 ($2,818,331,076 worldwide, 23 films as lead; scraped 2026-10-02)"
Amanda Seyfried,B,"The Numbers rank 188 ($2,815,379,439 worldwide, 30 films as lead; scraped 2026-10-02)"
Michael B. Jordan,A,"The Numbers rank 189 ($2,788,712,563 worldwide, 21 films as lead; scraped 2026-10-02)"
Tony Hale,B,"The Numbers rank 190 ($2,783,909,902 worldwide, 6 films as lead; scraped 2026-10-02)"
Richard Gere,B,"The Numbers rank 191 ($2,782,246,004 worldwide, 48 films as lead; scraped 2026-10-02)"
Queen Latifah,B,"The Numbers rank 192 ($2,741,989,448 worldwide, 18 films as lead; scraped 2026-10-02)"
Patrick Stewart,B,"The Numbers rank 193 ($2,728,728,255 worldwide, 19 films as lead; scraped 2026-10-02)"
Idina Menzel,C,"The Numbers rank 194 ($2,720,906,734 worldwide, 3 films as lead; scraped 2026-10-02)"
Michael Caine,B,"The Numbers rank 195 ($2,685,062,135 worldwide, 37 films as lead; scraped 2026-10-02)"
Emma Stone,B,"The Numbers rank 196 ($2,673,843,089 worldwide, 20 films as lead; scraped 2026-10-02)"
Lewis Black,B,"The Numbers rank 197 ($2,642,050,164 worldwide, 5 films as lead; scraped 2026-10-02)"
Michael Peña,B,"The Numbers rank 198 ($2,630,537,293 worldwide, 22 films as lead; scraped 2026-10-02)"
Robert Redford,B,"The Numbers rank 199 ($2,626,206,559 worldwide, 33 films as lead; scraped 2026-10-02)"
Jesse Eisenberg,B,"The Numbers rank 200 ($2,595,412,199 worldwide, 26 films as lead; scraped 2026-10-02)"
Rebecca Ferguson,B,"The Numbers rank 201 ($2,593,669,006 worldwide, 11 films as lead; scraped 2026-10-02)"
Tilda Swinton,B,"The Numbers rank 202 ($2,590,301,445 worldwide, 27 films as lead; scraped 2026-10-02)"
Elijah Wood,B,"The Numbers rank 203 ($2,580,122,590 worldwide, 24 films as lead; scraped 2026-10-02)"
Wang Baoqiang,C,"The Numbers rank 204 ($2,565,906,961 worldwide, 10 films as lead; scraped 2026-10-02)"
Dennis Quaid,B,"The Numbers rank 205 ($2,564,068,464 worldwide, 59 films as lead; scraped 2026-10-02)"
Kurt Russell,B,"The Numbers rank 206 ($2,562,686,775 worldwide, 39 films as lead; scraped 2026-10-02)"
Zach Galifianakis,B,"The Numbers rank 207 ($2,561,468,000 worldwide, 15 films as lead; scraped 2026-10-02)"
Eddie Redmayne,B,"The Numbers rank 208 ($2,558,243,286 worldwide, 12 films as lead; scraped 2026-10-02)"
Phyllis Smith,B,"The Numbers rank 209 ($2,557,616,042 worldwide, 2 films as lead; scraped 2026-10-02)"
Danny DeVito,B,"The Numbers rank 210 ($2,529,106,042 worldwide, 30 films as lead; scraped 2026-10-02)"
Kevin Kline,B,"The Numbers rank 211 ($2,521,625,571 worldwide, 23 films as lead; scraped 2026-10-02)"
Florence Kasumba,C,"The Numbers rank 212 ($2,520,663,239 worldwide, 2 films as lead; scraped 2026-10-02)"
Helena Bonham Carter,B,"The Numbers rank 213 ($2,507,893,111 worldwide, 35 films as lead; scraped 2026-10-02)"
Al Pacino,B,"The Numbers rank 214 ($2,506,834,515 worldwide, 49 films as lead; scraped 2026-10-02)"
Salma Hayek,B,"The Numbers rank 215 ($2,498,374,226 worldwide, 29 films as lead; scraped 2026-10-02)"
Laurence Fishburne,B,"The Numbers rank 216 ($2,491,785,955 worldwide, 27 films as lead; scraped 2026-10-02)"
Hailee Steinfeld,B,"The Numbers rank 217 ($2,490,853,430 worldwide, 16 films as lead; scraped 2026-10-02)"
Kate McKinnon,B,"The Numbers rank 218 ($2,485,429,561 worldwide, 9 films as lead; scraped 2026-10-02)"
Rami Malek,B,"The Numbers rank 219 ($2,483,499,305 worldwide, 12 films as lead; scraped 2026-10-02)"
Wu Jing,C,"The Numbers rank 220 ($2,478,098,316 worldwide, 8 films as lead; scraped 2026-10-02)"
Jennifer Aniston,B,"The Numbers rank 221 ($2,473,763,281 worldwide, 32 films as lead; scraped 2026-10-02)"
Alec Baldwin,B,"The Numbers rank 222 ($2,457,274,009 worldwide, 33 films as lead; scraped 2026-10-02)"
Clint Eastwood,B,"The Numbers rank 223 ($2,451,779,247 worldwide, 48 films as lead; scraped 2026-10-02)"
Penélope Cruz,B,"The Numbers rank 224 ($2,434,246,412 worldwide, 27 films as lead; scraped 2026-10-02)"
Lea Seydoux,B,"The Numbers rank 225 ($2,429,337,793 worldwide, 23 films as lead; scraped 2026-10-02)"
Charlie Day,B,"The Numbers rank 226 ($2,406,995,439 worldwide, 11 films as lead; scraped 2026-10-02)"
Jonah Hill,B,"The Numbers rank 227 ($2,400,779,651 worldwide, 22 films as lead; scraped 2026-10-02)"
Billy Eichner,B,"The Numbers rank 228 ($2,398,918,800 worldwide, 4 films as lead; scraped 2026-10-02)"
Jack Nicholson,B,"The Numbers rank 229 ($2,398,809,874 worldwide, 30 films as lead; scraped 2026-10-02)"
Zac Efron,B,"The Numbers rank 230 ($2,396,625,357 worldwide, 29 films as lead; scraped 2026-10-02)"
Hugh Grant,A,"The Numbers rank 231 ($2,395,106,905 worldwide, 20 films as lead; scraped 2026-10-02)"
Anthony Daniels,B,"The Numbers rank 232 ($2,392,532,885 worldwide, 3 films as lead; scraped 2026-10-02)"
John Kani,C,"The Numbers rank 233 ($2,384,086,159 worldwide, 3 films as lead; scraped 2026-10-02)"
Alan Rickman,B,"The Numbers rank 234 ($2,377,476,700 worldwide, 9 films as lead; scraped 2026-10-02)"
Glen Powell,B,"The Numbers rank 235 ($2,373,664,905 worldwide, 18 films as lead; scraped 2026-10-02)"
Jeff Bridges,B,"The Numbers rank 236 ($2,343,175,324 worldwide, 30 films as lead; scraped 2026-10-02)"
Benicio del Toro,B,"The Numbers rank 237 ($2,328,449,573 worldwide, 19 films as lead; scraped 2026-10-02)"
Rowan Atkinson,B,"The Numbers rank 238 ($2,317,259,230 worldwide, 9 films as lead; scraped 2026-10-02)"
Liu Haoran,C,"The Numbers rank 239 ($2,313,677,502 worldwide, 7 films as lead; scraped 2026-10-02)"
Martin Lawrence,B,"The Numbers rank 240 ($2,312,536,311 worldwide, 19 films as lead; scraped 2026-10-02)"
Steve Martin,B,"The Numbers rank 241 ($2,290,544,388 worldwide, 36 films as lead; scraped 2026-10-02)"
Stanley Tucci,B,"The Numbers rank 242 ($2,289,063,978 worldwide, 17 films as lead; scraped 2026-10-02)"
Stellan Skarsgård,B,"The Numbers rank 243 ($2,275,008,099 worldwide, 22 films as lead; scraped 2026-10-02)"
Timothée Chalamet,A,"The Numbers rank 244 ($2,262,644,660 worldwide, 19 films as lead; scraped 2026-10-02)"
David Spade,C,"The Numbers rank 245 ($2,255,393,722 worldwide, 16 films as lead; scraped 2026-10-02)"
Karl Urban,C,"The Numbers rank 246 ($2,254,519,115 worldwide, 13 films as lead; scraped 2026-10-02)"
John Cusack,B,"The Numbers rank 247 ($2,249,638,464 worldwide, 60 films as lead; scraped 2026-10-02)"
Julie Walters,B,"The Numbers rank 248 ($2,225,806,288 worldwide, 12 films as lead; scraped 2026-10-02)"
Dan Stevens,C,"The Numbers rank 249 ($2,218,173,117 worldwide, 17 films as lead; scraped 2026-10-02)"
Annette Bening,C,"The Numbers rank 250 ($2,216,949,870 worldwide, 27 films as lead; scraped 2026-10-02)"
Paul Mescal, A
Dakota Johnson, B
Florence Pugh, A
Toni Collette, B
Adrien Brody, B
Andrew Garfield, A 
Inde Navarrette, B
Anna Kendrick, B
Pedro Pascal, A 
Jeff Goldblum, B
Ariana Grande, B
Jesse Plemons, B
Mikey Madison, B 
Margaret Qualley, B
David Corenswet, B