title,release_date,category,Starpower Rating
Dune: Part Two,2024-03-01,Blockbuster,A
Civil War,2024-04-12,Mid-budget,B
Challengers,2024-04-26,Mid-budget,A
Inside Out 2,2024-06-14,Blockbuster,B
Deadpool & Wolverine,2024-07-26,Blockbuster,A
The Substance,2024-09-20,Indie,B
Anora,2024-10-18,Indie,B
A Real Pain,2024-11-01,Indie,B
Wicked,2024-11-22,Blockbuster,B
Moana 2,2024-11-27,Blockbuster,A
A Minecraft Movie,2025-04-04,Blockbuster,A
Sinners,2025-04-18,Mid-budget,A
Thunderbolts*,2025-05-02,Blockbuster,A
Materialists,2025-06-13,Indie,A
KPop Demon Hunters,2025-06-20,Streaming,C
F1,2025-06-27,Blockbuster,A
Sorry Baby,2025-06-27,Indie,C
Superman,2025-07-11,Blockbuster,B
Weapons,2025-08-08,Mid-budget,A
One Battle After Another,2025-09-26,Mid-budget,A
Wicked: For Good,2025-11-21,Blockbuster,B
Zootopia 2,2025-11-26,Blockbuster,A
Avatar: Fire and Ash,2025-12-19,Blockbuster,B
Marty Supreme,2025-12-25,Mid-budget,A
Project Hail Mary,2026-03-20,Blockbuster,A
The Super Mario Galaxy Movie,2026-04-01,Blockbuster,A
The Devil Wears Prada 2,2026-05-01,Blockbuster,A
Obsession,2026-05-15,Indie,B
Toy Story 5,2026-06-19,Blockbuster,A
The History of Concrete,2026-09-18,Indie,C
